SellerID, First_Name, Last_Name, Avg_Review_Score, Ontime_Ratio
295612,Matthew,Debbie,4.2623,0.5641
250716,Richard,Terri,4.2453,0.5424
460697,Jacob,Nathaniel,4.2319,0.68
477252,Cody,Samantha,4.2312,0.6667
258247,Jacqueline,Renee,4.213,0.4909
483248,Tricia,Travis,4.1414,0.5094
729152,Seth,Ashley,4.1135,0.6087
100534,Keith,Alyssa,4.0792,0.5319
475337,Edward,Max,4.0282,0.5778
206457,Phillip,James,3.9676,0.6327
571236,Danielle,Kevin,3.9657,0.5091
400526,Gloria,Trevor,3.9561,0.5
213122,Stephanie,Robert,3.9382,0.5625
679507,Joseph,Cathy,3.9366,0.6
591405,Aaron,Lisa,3.9184,0.6364
257965,Daryl,Eric,3.9128,0.6957
533828,Maurice,Chelsea,3.9104,0.55
431621,Holly,Annette,3.8981,0.6
165002,Kevin,Jill,3.8963,0.5185
479909,Jessica,Anthony,3.8774,0.5263
125324,William,Jonathan,3.8634,0.5227
579382,Stephanie,Bonnie,3.8592,0.5116
701108,Henry,Kenneth,3.849,0.5106
489073,Alejandro,Kathleen,3.8364,0.561
444268,Brian,Tami,3.83,0.6279
519038,Allison,Francisco,3.8226,0.425
859481,David,Kelly,3.8191,0.5333
846160,Angela,Jamie,3.8156,0.475
565944,Ernest,Cody,3.8039,0.3659
866700,Anna,Jennifer,3.8024,0.42
726647,Lisa,Victor,3.8,0.4889
351929,Eric,Jason,3.7913,0.5366
753023,Mary,Lori,3.79,0.5333
408543,Michael,Rhonda,3.7687,0.44
612593,April,Sandra,3.765,0.4259
181873,Christine,Michael,3.7474,0.5333
261970,Cindy,Nathan,3.7413,0.6383
273840,Jon,Teresa,3.7276,0.5217
361271,Denise,Taylor,3.7138,0.5738
831392,Jessica,Heather,3.7127,0.5909
631447,Dana,James,3.7116,0.5227
268441,Mary,Crystal,3.7114,0.5385
518247,Susan,Darius,3.7067,0.587
266398,Dwayne,Sean,3.695,0.62
399894,Laura,Morgan,3.6879,0.525
319567,Emily,Denise,3.6859,0.4815
547164,Ashley,Anne,3.681,0.45
583741,James,Anthony,3.6808,0.5957
637367,Brooke,Tina,3.68,0.5417
149362,Amber,Daniel,3.6774,0.5476
585643,Catherine,William,3.6745,0.551
313415,Michael,Adrienne,3.67,0.4545
578483,Sylvia,Danielle,3.6608,0.5714
826645,Andrea,Mitchell,3.6429,0.5741
162823,Cassandra,Christina,3.6382,0.439
101853,John,Barbara,3.6377,0.5116
587034,Tamara,Laura,3.6368,0.4474
709403,Michael,Jody,3.6367,0.4043
230394,Amanda,Richard,3.6364,0.5517
523806,Ronald,Joe,3.6289,0.4839
431743,Michael,Craig,3.6221,0.6452
452939,Michael,Erin,3.6196,0.4815
399909,Nicholas,Jonathan,3.6165,0.5854
625470,Sarah,Stephen,3.6158,0.3696
477726,Carol,Scott,3.6157,0.5455
656515,Joshua,Ashley,3.6135,0.4792
838183,Jessica,Stacey,3.6129,0.3556
297127,Courtney,Scott,3.6091,0.5686
305014,Daniel,Cynthia,3.6073,0.641
692443,Joyce,Anthony,3.6055,0.6471
191665,Sarah,Angela,3.6021,0.46
719825,Richard,Wayne,3.6008,0.4615
796844,Anna,Kimberly,3.5852,0.6852
538589,Thomas,Mackenzie,3.5674,0.5686
735742,Amy,Krystal,3.5667,0.625
760689,Nancy,Mark,3.5663,0.5
156249,Jessica,Adam,3.566,0.5116
126763,Bonnie,Jack,3.5659,0.3404
483612,Sylvia,James,3.5627,0.6531
729088,Jennifer,Brandy,3.5588,0.4717
717474,Jeremy,Christopher,3.5551,0.6429
776411,Sarah,David,3.5517,0.4615
525001,Brianna,Christopher,3.5509,0.5714
529286,Thomas,Olivia,3.5504,0.4898
639402,Alan,Edgar,3.5503,0.6591
191401,Charles,Jeremy,3.5461,0.4146
894093,Matthew,Christopher,3.5424,0.5581
729131,Brenda,Gregory,3.5415,0.5122
876335,Nicolas,Eric,3.5398,0.5455
383952,Sheila,Sarah,3.5349,0.4255
305534,Amanda,Kelly,3.533,0.5952
272602,Matthew,Louis,3.5322,0.5556
620251,Ryan,Jose,3.5316,0.4167
714608,Emily,Brian,3.5288,0.617
500386,Carlos,Timothy,3.528,0.5897
321227,Brad,Michael,3.5257,0.5172
662544,Cristian,Rhonda,3.5242,0.5357
598534,Nancy,Frank,3.5221,0.5128
747143,Karen,Kevin,3.5135,0.5424
382419,Jeremy,Sierra,3.5099,0.5
169219,Krystal,Kayla,3.5025,0.625
338862,Sara,Peter,3.4974,0.5167
165790,Gabriel,Mike,3.4901,0.4815
267481,Samuel,Michael,3.4899,0.5
553675,Jon,Jennifer,3.4894,0.5909
815079,Lori,Andrew,3.4892,0.5806
725101,Amy,Rachel,3.4866,0.537
284634,Bradley,Theresa,3.4851,0.5227
502468,Christopher,Steven,3.4847,0.4884
848709,Robert,Elaine,3.4841,0.5238
226231,Diana,Anna,3.4832,0.6136
626661,Amanda,Anthony,3.4803,0.4
117281,Pamela,Frank,3.475,0.4118
170600,Aaron,Emily,3.4746,0.5
479676,Carla,Paul,3.4695,0.5532
207786,Justin,Dustin,3.469,0.5952
440657,Melissa,Jennifer,3.4611,0.4255
390727,Seth,Dawn,3.4601,0.5581
213777,Randy,Jennifer,3.4598,0.5814
469051,Molly,Dustin,3.4593,0.5
735778,April,Jennifer,3.4589,0.5714
448474,Dalton,Morgan,3.4586,0.5814
174493,Pamela,Rebecca,3.4569,0.4063
523759,Leslie,Autumn,3.455,0.6364
108828,Kelli,Susan,3.4545,0.5714
516335,Edward,Jeremy,3.4545,0.4524
351044,Nichole,Anthony,3.4513,0.5526
549941,Bridget,Robert,3.4497,0.6765
597353,Alexander,Nicholas,3.4494,0.3469
712372,Brandon,Phillip,3.449,0.4565
108585,Timothy,Alan,3.444,0.5
122945,Michelle,Debra,3.4431,0.5238
577581,Michael,Gina,3.4425,0.5417
779434,Amanda,Matthew,3.4394,0.6512
379440,Anita,Eileen,3.4348,0.5405
397827,James,Ashley,3.4315,0.4722
187190,Colin,Brian,3.4299,0.5918
425992,Mark,Mckenzie,3.4276,0.5763
430111,Michelle,Robert,3.4258,0.4054
121957,Kelsey,Meghan,3.4244,0.4444
157244,Timothy,Thomas,3.4231,0.5676
612031,Martin,Angela,3.4206,0.6275
154612,Carolyn,Jamie,3.4191,0.4889
614815,Amanda,Wesley,3.4164,0.5
316808,Latoya,Amanda,3.4154,0.5
722551,Shawn,Jennifer,3.415,0.4865
615684,Linda,Juan,3.4149,0.5349
646860,Kelsey,William,3.4089,0.4255
108605,Valerie,Jacqueline,3.4079,0.6136
565616,Christopher,Tracey,3.4072,0.439
477901,Sean,Amanda,3.4052,0.5385
491415,Kayla,Sandra,3.4031,0.6053
817386,Robert,Emily,3.4027,0.5217
439821,Manuel,Jessica,3.4,0.4717
114745,Amanda,Mark,3.3962,0.56
208522,Ashlee,Stephen,3.3941,0.4783
442705,Noah,William,3.393,0.541
832979,Nicole,William,3.3929,0.3922
850987,Patrick,Paul,3.3893,0.6296
537762,Aaron,Lisa,3.3885,0.5532
392873,Matthew,Crystal,3.3881,0.58
395723,Jenna,Brian,3.3873,0.6304
179230,Joseph,Kristin,3.3872,0.4815
249673,Rebecca,Eddie,3.387,0.5476
356637,Benjamin,Kevin,3.384,0.4792
867148,Steven,Rebecca,3.3838,0.5366
479576,Andrea,Amanda,3.3824,0.6552
180216,Kenneth,Blake,3.3813,0.6829
402389,Daniel,Lindsay,3.381,0.4706
611953,Katelyn,Kristine,3.379,0.6304
840529,Melanie,Chelsea,3.379,0.4576
243517,Amanda,Jermaine,3.3786,0.6944
401030,Stephen,Madison,3.3786,0.4565
541361,Francisco,Elizabeth,3.3776,0.5789
240160,Gina,Ann,3.3772,0.5476
819734,Diane,Brian,3.374,0.4583
601587,Melissa,Joseph,3.3726,0.5636
422725,Roberto,John,3.3702,0.617
507423,Chloe,Cody,3.3689,0.6154
681444,Scott,Christopher,3.366,0.5532
616391,Jody,Jimmy,3.3633,0.4792
764749,Shannon,Emma,3.3621,0.4524
870072,Jade,Donald,3.362,0.48
378489,Michael,Hannah,3.3593,0.5333
174912,Stacy,Andrea,3.3549,0.5686
608035,Brian,Martin,3.3484,0.5313
777503,Jeremy,Steve,3.3448,0.4667
387697,Cassandra,Thomas,3.3434,0.6429
184639,Sharon,Misty,3.3429,0.4667
406108,Tina,Joseph,3.3415,0.475
834469,Benjamin,Matthew,3.3412,0.5
584363,Robert,Michael,3.3396,0.6087
572902,Andrew,John,3.3393,0.3953
592860,Heather,Wesley,3.3369,0.5778
216124,Chris,Daniel,3.3369,0.5238
380233,Matthew,Andrew,3.3345,0.5536
136420,Christina,Joseph,3.3333,0.4314
804360,Cynthia,Jason,3.3309,0.4681
244297,Jessica,Kimberly,3.33,0.4667
343978,Michael,Jennifer,3.3286,0.3824
367087,Amy,Robert,3.3252,0.5814
227607,Marc,Matthew,3.3231,0.5435
720550,Leslie,Michael,3.3231,0.4643
799592,Jake,Tommy,3.3216,0.6441
417062,John,Mark,3.3166,0.3571
867851,Erika,Sheri,3.3133,0.4909
630946,Alicia,Tammy,3.3094,0.4773
398008,Grant,William,3.3088,0.4314
483791,Brenda,Misty,3.3077,0.4898
180146,Kevin,Christopher,3.3019,0.5405
703380,Brianna,Michelle,3.2982,0.4667
382268,Kelly,Rachel,3.298,0.64
445540,William,Jessica,3.298,0.4865
722187,Kevin,Jessica,3.295,0.625
527867,Angela,Steven,3.2943,0.6389
646288,Matthew,Danielle,3.2933,0.5111
273110,Jon,Elizabeth,3.2926,0.5
356606,Renee,Bryan,3.2902,0.5333
195209,Brendan,Kelly,3.2895,0.6512
792562,John,James,3.2894,0.5
389873,Donald,Veronica,3.2893,0.4444
512465,Miranda,Brandon,3.2886,0.5111
486085,Cameron,Joseph,3.2884,0.4773
135771,Nicholas,Anna,3.2883,0.6757
874457,Daniel,Katelyn,3.2879,0.5455
584326,Joe,Diane,3.2875,0.5227
661965,Margaret,Eddie,3.2872,0.6667
364854,Jennifer,Tina,3.2863,0.5185
435495,Thomas,Gabrielle,3.2861,0.7174
306439,Brooke,Martin,3.2831,0.5625
838161,Mary,Kelly,3.2828,0.5476
207401,Diana,Daniel,3.2811,0.5
110341,Jessica,Brad,3.2809,0.5098
156569,Joseph,Sean,3.2798,0.6087
324221,Logan,Katherine,3.2792,0.48
645181,Gregory,Tamara,3.2791,0.5588
785238,Angela,Samantha,3.2788,0.4
205685,William,Austin,3.2764,0.5778
791343,Holly,Sherri,3.276,0.5532
229360,Grant,Emily,3.2756,0.6897
152585,Danny,Matthew,3.2756,0.5192
477287,Christopher,Joyce,3.2719,0.4091
808574,Barbara,Loretta,3.269,0.3846
898958,Jose,Robert,3.2671,0.5
212808,Christian,James,3.267,0.5122
548609,Amy,Nicole,3.2664,0.6304
374961,Maria,Jerome,3.2646,0.46
560523,Sara,Thomas,3.2609,0.4468
805368,Danielle,Nicholas,3.2585,0.5366
635020,Christina,Mary,3.2569,0.5
503174,Roger,Jessica,3.2509,0.4167
623808,Bethany,Charles,3.25,0.5185
124387,Eric,Steven,3.2492,0.6111
531617,Julia,Rachel,3.2438,0.3878
581106,Margaret,Jennifer,3.2436,0.5313
226172,Amanda,Shirley,3.2427,0.5098
232924,Kelly,Michael,3.2414,0.7234
228475,Melissa,Ronald,3.2407,0.4889
742708,Joel,Mary,3.2388,0.525
673183,Brandon,Brian,3.2387,0.5
281449,Yvonne,Heidi,3.2377,0.6154
880144,Emily,Patricia,3.235,0.5918
865172,Ashley,Nicole,3.2338,0.449
478047,Frank,David,3.2324,0.5349
639428,Cynthia,Donald,3.232,0.5345
840110,Brenda,Tracy,3.2315,0.55
683180,Derrick,Justin,3.2296,0.5192
708057,Michael,Heather,3.2293,0.5172
536690,Michael,Beth,3.2247,0.4783
256319,Daniel,John,3.2241,0.5818
412750,Michael,Bonnie,3.223,0.6279
536496,Gerald,Jamie,3.2226,0.6
564836,Christopher,Robert,3.2217,0.4727
665314,Laura,Michael,3.2209,0.6304
577043,Laura,Lindsey,3.2206,0.5238
583046,Jamie,Elizabeth,3.2184,0.5854
759991,Tara,Jason,3.2184,0.5102
835291,Wesley,Robert,3.2184,0.4762
484284,Tina,Andrew,3.2182,0.5714
856440,Jessica,Matthew,3.2179,0.5385
326689,Jamie,Jeffrey,3.2113,0.4528
545505,Gregory,Stephanie,3.2066,0.6889
705773,William,Pam,3.2066,0.5
346721,Samuel,Anthony,3.2061,0.54
462495,Gabriela,Luis,3.2055,0.5682
869508,Lisa,Cathy,3.2018,0.5227
167627,Matthew,Erica,3.2012,0.5254
508783,David,Olivia,3.1974,0.5319
208952,Krista,Wendy,3.1965,0.5758
452172,Marie,Carolyn,3.1964,0.6429
530811,Christina,Craig,3.1955,0.5882
193451,Jeffrey,Jared,3.1953,0.6087
665342,Cynthia,Felicia,3.1939,0.587
519018,Laura,Michael,3.193,0.5741
879736,Benjamin,Steven,3.1927,0.4878
532337,Cynthia,Jeffrey,3.1894,0.5405
658969,Dawn,Megan,3.1892,0.6667
447036,Samuel,Haley,3.1875,0.6667
888396,James,Edward,3.1871,0.3864
789658,Melissa,Danny,3.1869,0.4186
814390,Donald,Dalton,3.1849,0.5192
711127,Cindy,Brandon,3.1841,0.6444
447781,Chloe,Nicole,3.184,0.5
605816,Bobby,Angela,3.1818,0.6275
532701,Kaitlyn,Deborah,3.1818,0.5833
841960,Catherine,Cody,3.1818,0.5
761802,Nathan,Kayla,3.1815,0.5962
182847,Melissa,Kelly,3.1812,0.4545
312819,Lisa,Anna,3.1786,0.4783
439937,Clarence,Brittany,3.1775,0.6111
225272,Jonathan,Sean,3.1757,0.5962
529048,Pamela,Kristina,3.1756,0.4167
404864,Robert,John,3.1748,0.4314
463236,Pamela,Zachary,3.1726,0.5
762821,Gina,Felicia,3.1708,0.5152
799899,James,Raymond,3.1705,0.4545
563129,Rhonda,Kevin,3.1703,0.56
788407,Denise,James,3.1701,0.5789
252303,Brendan,Holly,3.169,0.6047
586880,Paul,Sally,3.1646,0.4615
162161,Ashley,Kristin,3.1633,0.6739
587174,Ricky,Robert,3.1632,0.4167
409141,Anthony,Thomas,3.163,0.6216
452309,Joseph,Mitchell,3.1618,0.5556
392486,Donald,Alec,3.1606,0.5238
617533,Stephen,John,3.1589,0.5814
651589,Jenna,Hannah,3.1581,0.48
285510,Alexandra,Jose,3.1579,0.566
259909,Mike,Summer,3.1579,0.5161
471445,Tamara,Michael,3.1577,0.4048
201795,Cindy,Sylvia,3.1572,0.4815
181201,Lisa,Rachel,3.155,0.4717
702628,Matthew,Rebecca,3.1544,0.5208
587253,Paul,Anthony,3.1538,0.5439
101182,Cory,Robert,3.1534,0.5106
886744,Joseph,Charles,3.1533,0.6
134156,Bryan,Brittany,3.1516,0.4694
742021,Vincent,Scott,3.1512,0.5455
631524,James,Joshua,3.1496,0.375
779333,Sharon,Brandon,3.1443,0.5306
606400,Cheryl,Robert,3.1429,0.6765
270028,Amanda,Monica,3.1414,0.6383
865781,Bruce,Matthew,3.1399,0.4783
530803,Daisy,Tracie,3.1398,0.575
239737,Natalie,Emily,3.1392,0.4545
517985,Kathy,Kayla,3.1385,0.6923
559628,Sharon,Dakota,3.1384,0.54
357117,Robert,Stacey,3.1378,0.4889
184536,Kelly,Christopher,3.1373,0.4872
670990,David,Cole,3.1356,0.6744
707271,James,Michael,3.1355,0.5263
642375,Katherine,Autumn,3.1344,0.48
805982,Brittany,Tammy,3.1343,0.5111
259661,Mary,Stephen,3.1333,0.7778
616464,Zachary,Andrew,3.1327,0.4
518751,Stephanie,Judith,3.1313,0.4667
349811,Tina,Cory,3.1312,0.5
563520,Jessica,Justin,3.1311,0.5111
352623,Dennis,Catherine,3.1301,0.4583
897167,Brianna,Ryan,3.1289,0.6957
343874,Robert,Todd,3.1286,0.5435
239770,Theresa,Karen,3.1285,0.4694
483198,Gregory,Sarah,3.1283,0.6364
248392,Olivia,Curtis,3.1283,0.5745
139648,Anna,Zoe,3.127,0.6667
404040,Brian,Robert,3.1257,0.5714
127693,Adrian,Dana,3.1238,0.4528
602041,Brian,Amber,3.123,0.537
820666,Alan,Bradley,3.1227,0.4762
511112,Jeffrey,Connor,3.1224,0.5366
352825,Ashley,Julie,3.122,0.5238
666023,Gerald,Nichole,3.1198,0.5102
426904,Lori,Maurice,3.1197,0.6809
733317,Paul,Emma,3.1179,0.5077
520171,Kevin,James,3.1147,0.4694
675690,Robert,Angela,3.1122,0.5333
180420,Timothy,Christopher,3.1122,0.4655
129527,Andre,Craig,3.1121,0.5472
803477,Dwayne,Kevin,3.1102,0.44
623854,Jeremy,Jeremy,3.1098,0.4878
738510,Lauren,Yvette,3.109,0.6579
201741,Linda,Sara,3.1078,0.5167
494486,David,Patrick,3.1074,0.641
638740,Samuel,Kelli,3.1073,0.6
377750,Rebecca,Lorraine,3.1057,0.5909
548350,Teresa,Maria,3.1049,0.6226
860023,Denise,Amber,3.1042,0.4
554656,James,Richard,3.1028,0.4318
159730,Stephanie,Austin,3.1,0.5682
369934,Marie,Nicholas,3.099,0.5682
503043,Michael,Brian,3.096,0.4262
403662,Heidi,William,3.0948,0.5965
823332,Cristian,Ryan,3.0946,0.4043
444241,Christopher,Jennifer,3.0933,0.4186
715658,Louis,Willie,3.0932,0.6444
472064,Rebecca,Robert,3.0923,0.4
255180,Kelly,George,3.0912,0.4773
580155,Cathy,Phillip,3.0909,0.5833
373570,Benjamin,Gregg,3.0873,0.5833
742577,David,Alyssa,3.0859,0.3721
139137,Courtney,Thomas,3.0819,0.3864
206759,William,Robert,3.0816,0.6939
433723,David,Jane,3.0816,0.5
472923,Jared,Angela,3.0795,0.5088
339347,Alexis,Lindsey,3.0785,0.5
413951,Dominique,Michael,3.0773,0.5357
212616,Peter,Stephanie,3.0769,0.4
629044,Daniel,Thomas,3.0758,0.434
254189,Isaac,Dean,3.0724,0.4308
113477,Fernando,Brandi,3.0716,0.4375
897753,Dylan,Michael,3.0703,0.5116
410240,Joshua,Michael,3.0698,0.5435
511091,Benjamin,Sabrina,3.0696,0.5385
242964,Richard,Michelle,3.0668,0.5
745789,Yvette,Daisy,3.0667,0.449
764174,Ryan,Nicholas,3.0659,0.5
398943,Kevin,Joseph,3.0631,0.3929
345446,Carla,Jessica,3.0623,0.4565
682069,Ronald,Meghan,3.0618,0.4884
731112,Kendra,Evelyn,3.0593,0.4545
898353,Margaret,Suzanne,3.0585,0.5556
241825,Michael,Christopher,3.0575,0.5
347416,Joshua,Elizabeth,3.0569,0.6364
879259,Holly,Nicole,3.0557,0.5455
644972,Micheal,Jacob,3.0534,0.5349
885657,Samuel,Steven,3.0528,0.525
637294,Miguel,Carlos,3.052,0.5667
815527,Amanda,Kaitlin,3.0512,0.5833
715626,Danielle,Samuel,3.0508,0.3243
713480,Jason,Christopher,3.0506,0.6275
111742,Candice,Scott,3.0494,0.5192
768955,Andrea,John,3.048,0.5
508531,Douglas,Robert,3.0473,0.6
435147,Charles,Nancy,3.0466,0.6531
383118,Maria,Joanna,3.046,0.5577
338728,Sean,Nichole,3.0449,0.4783
796959,Michael,Ashley,3.0437,0.5
614776,Joel,Jonathan,3.0436,0.5957
286607,Paul,Danny,3.0418,0.4848
701464,Nicholas,Donald,3.0415,0.6
549793,Julie,Jonathan,3.0402,0.5581
171390,Linda,Meagan,3.0381,0.6471
769230,Amanda,Kristy,3.0375,0.4118
614988,Tanya,Yolanda,3.0365,0.4737
767483,Cynthia,Timothy,3.0362,0.5273
739696,George,Henry,3.035,0.4762
138426,Andrew,Sharon,3.0345,0.3243
641256,Matthew,Richard,3.0337,0.5
280256,Michael,Susan,3.0333,0.5636
181205,Diana,Emily,3.0321,0.6508
235040,Christina,Sean,3.027,0.5294
680169,Fred,Dwayne,3.0246,0.5263
237096,Meagan,Jessica,3.0229,0.4583
819833,Brenda,Tina,3.0218,0.3469
644424,William,April,3.0215,0.4681
354631,Robin,Brian,3.0199,0.5152
452780,Kelly,Janet,3.0195,0.4419
702347,Nathan,Melanie,3.018,0.5714
888958,Emily,Keith,3.0172,0.561
439306,Lawrence,Nicholas,3.0165,0.2857
310412,Jessica,Jack,3.0164,0.4615
789234,Stephanie,Zachary,3.0155,0.4878
722302,Kathy,Timothy,3.015,0.5962
791403,Robert,Tiffany,3.0143,0.4524
777530,Autumn,Alexis,3.011,0.4762
577512,Melissa,Robert,3.0099,0.5106
564771,Daniel,Shawn,3.0098,0.5227
318047,Jennifer,Anthony,3.009,0.5385
142308,Nicholas,Michele,3.0083,0.5778
478627,Albert,Audrey,3.0074,0.4857
444142,Rhonda,Danny,3,0.6226
528673,Danielle,Michele,3,0.6
741982,Kristin,Jason,3,0.5738
156547,Stephanie,Elizabeth,3,0.5
505415,Carmen,Julie,2.9946,0.4524
428194,Brian,Kevin,2.9938,0.54
425252,Carolyn,Ralph,2.9936,0.5581
280960,Michael,Jasmine,2.9931,0.5227
370444,Angela,Jane,2.9919,0.4286
870382,John,Billy,2.988,0.4894
406801,James,Susan,2.9879,0.5366
166597,Eric,Sheila,2.9877,0.5366
209136,Michael,Jonathan,2.9877,0.5161
683514,Jennifer,Lisa,2.9844,0.475
304245,William,Rachel,2.9838,0.4286
474044,David,David,2.9816,0.6279
848561,Laurie,Paula,2.9814,0.617
701003,Kent,Jonathan,2.9808,0.6364
461075,Christine,Stephanie,2.9806,0.697
220809,Crystal,Elizabeth,2.9806,0.5111
188519,Mario,Thomas,2.9786,0.65
891292,Justin,Leslie,2.9777,0.5
311592,Kevin,David,2.9769,0.4762
815755,Andrew,Christopher,2.9766,0.5472
445983,Brady,Melissa,2.9749,0.4857
246913,Ashley,Nicole,2.9744,0.5476
175518,Kimberly,Steven,2.9739,0.5
739512,Lisa,Javier,2.9734,0.5333
775063,David,Derrick,2.9731,0.5435
603186,Andrew,Bruce,2.9688,0.5
435102,Daniel,Richard,2.9688,0.475
801732,Megan,Maureen,2.9676,0.5778
425445,Robert,Joseph,2.9674,0.5814
324797,Stephen,Natalie,2.9662,0.449
558835,William,James,2.9653,0.4545
789044,Seth,Stephanie,2.9649,0.4694
107886,Kristina,Susan,2.9622,0.5349
410276,Donna,Jeffrey,2.962,0.6829
651198,Mike,Jennifer,2.9604,0.54
599539,Kevin,Renee,2.9586,0.551
812835,Erin,Ashley,2.9561,0.5088
867100,Sara,Sophia,2.955,0.6304
504506,Austin,Katrina,2.9547,0.5625
431755,Catherine,Shirley,2.9547,0.4889
591105,Joy,Gregory,2.9539,0.4231
720356,Travis,Sally,2.953,0.5833
183380,Emily,Debbie,2.952,0.45
662962,Joshua,Roger,2.9508,0.5435
397076,Nicole,Laura,2.9504,0.549
531174,Shannon,Mary,2.9496,0.4667
192597,Jennifer,Jennifer,2.9464,0.4737
202550,Maria,Roberto,2.9457,0.6
542291,Arthur,Jennifer,2.9449,0.561
111347,Christine,Johnathan,2.9438,0.5
411781,Jennifer,Crystal,2.9437,0.551
419506,Jessica,Michael,2.9435,0.6667
185235,William,Russell,2.9423,0.52
898255,Douglas,Patricia,2.9383,0.6047
563366,John,Kaitlyn,2.9377,0.5172
240415,Jeffrey,Jessica,2.9365,0.4524
115824,Victoria,Jane,2.9342,0.5641
427573,Allen,Tiffany,2.9329,0.4681
698737,Angela,Sonya,2.9301,0.5333
602234,Andrea,Kenneth,2.9296,0.4865
208271,Michael,Jeffery,2.9296,0.4792
833885,Kathleen,Brian,2.9286,0.5652
523340,Courtney,Victor,2.9271,0.5435
367589,Lisa,Brooke,2.9262,0.7436
175394,Karen,Christian,2.9245,0.5652
694770,Jason,John,2.9234,0.5435
687597,Krista,Cynthia,2.9228,0.5814
383339,Kimberly,Lance,2.9216,0.6471
165087,Louis,Ana,2.9215,0.4783
241981,Roy,Paul,2.9203,0.6098
789976,Christina,Dustin,2.92,0.5676
688744,Tony,Michael,2.9198,0.4783
141426,Alexandria,Timothy,2.9187,0.6053
169293,Patricia,Derek,2.9161,0.4468
689515,Angela,Sandra,2.9145,0.575
320773,Margaret,Colton,2.9133,0.5098
829237,Mathew,Richard,2.9118,0.5435
728834,Carol,Christina,2.9117,0.3333
692591,Jennifer,Scott,2.9109,0.619
444230,Dakota,Christina,2.9097,0.7547
491786,William,Lisa,2.9095,0.5106
404020,Aaron,Mark,2.9094,0.4524
474627,Paul,Samantha,2.9073,0.5588
258199,Steve,Thomas,2.9064,0.4737
704564,David,Kimberly,2.9055,0.4737
844261,Lisa,Robert,2.9052,0.4054
820610,Chris,Laura,2.9051,0.6346
718832,Brenda,James,2.9041,0.617
186556,Angela,Lisa,2.9009,0.2979
143130,Ashley,Robert,2.9006,0.5
192811,Teresa,Raven,2.8987,0.5682
713353,Danny,Christopher,2.8976,0.62
804659,John,Deanna,2.8976,0.6098
368107,Adrian,David,2.8962,0.3171
688728,Curtis,Michael,2.896,0.4694
843117,Anthony,Ryan,2.8953,0.3182
610681,Jonathan,Janet,2.895,0.5156
182488,Leslie,Melissa,2.8943,0.56
497620,Justin,Amy,2.8942,0.725
211118,Robin,Stephen,2.893,0.5641
783212,Michael,Christine,2.8922,0.5714
343167,Mary,Tyler,2.8915,0.5476
611120,Michael,David,2.8912,0.5192
824519,Katie,Samantha,2.8889,0.4889
254629,Tiffany,Kimberly,2.8885,0.46
387883,Thomas,Alex,2.8868,0.5577
711264,Lisa,Mario,2.8861,0.5581
256412,Richard,Kimberly,2.8839,0.5
689227,Brian,Mary,2.8839,0.439
159288,Rose,Joseph,2.8837,0.4211
726850,Brian,Deborah,2.8826,0.4444
645704,Nicholas,Michael,2.8824,0.5128
340185,Gary,Thomas,2.8821,0.5
349906,Jared,Rebecca,2.8818,0.5
822053,Lindsey,Melanie,2.8801,0.6667
294678,Gina,Sharon,2.8785,0.5962
757349,Emily,Lisa,2.8773,0.5714
820876,Nichole,Hannah,2.8765,0.4815
539702,Kathryn,Christine,2.8761,0.4186
342834,Lori,Donald,2.8755,0.5091
858207,Albert,Laura,2.875,0.6
658606,Luke,Lauren,2.875,0.5306
612743,Rodney,Adam,2.8739,0.5833
606224,Cheryl,Shelby,2.872,0.5652
871552,Jon,Timothy,2.87,0.5636
116834,Tammy,James,2.8698,0.5581
468062,Heather,Hector,2.8683,0.6316
577559,Jonathan,Matthew,2.8677,0.3611
568441,John,Carolyn,2.8676,0.5294
705644,Todd,Joshua,2.8655,0.549
180829,Sara,Kyle,2.8655,0.3429
591111,Alex,Matthew,2.8651,0.4884
428082,Steven,Daniel,2.8649,0.566
321725,Zachary,Linda,2.8642,0.4722
326998,Michael,Jack,2.8636,0.4792
880845,Cameron,Anthony,2.8628,0.6136
834737,Lori,Rachel,2.8627,0.5577
863874,Kelly,Jasmine,2.8621,0.561
663033,Nancy,Roger,2.8621,0.4091
140634,Holly,Megan,2.8617,0.5625
530639,Marcus,Victoria,2.8615,0.6071
496831,Richard,Kimberly,2.8589,0.4375
783623,Jodi,Teresa,2.8583,0.5294
305289,Kevin,Denise,2.8583,0.439
828906,Kevin,Jacob,2.8571,0.5581
426237,Richard,Jesse,2.8571,0.5429
474402,Michele,Amber,2.8545,0.5111
484750,Timothy,Frederick,2.8542,0.4348
665740,Yvette,Jackson,2.8533,0.6429
581301,Pamela,Pamela,2.8507,0.4878
617910,Shane,Andrew,2.8505,0.4792
584343,Denise,Charles,2.8493,0.5106
184596,Jason,Samuel,2.8485,0.5455
591068,Tracey,Philip,2.8485,0.5319
785577,Tony,Teresa,2.8483,0.3958
320145,Brooke,Amber,2.8481,0.5686
401642,Tracey,Elizabeth,2.8479,0.5294
572724,Leonard,Brandon,2.8477,0.54
289363,William,Melissa,2.8476,0.6316
104836,Robert,Mark,2.8462,0.5333
572562,Kyle,Virginia,2.8459,0.4255
672051,Lisa,Joe,2.8458,0.4884
746241,Travis,Benjamin,2.8447,0.4318
149360,Kimberly,Tara,2.843,0.4634
451058,Eddie,Julie,2.843,0.4211
396701,Mikayla,Anita,2.8429,0.4762
686142,Christopher,Lucas,2.8413,0.6667
113126,Michael,Stephanie,2.8404,0.5472
773663,Nicole,Amber,2.8404,0.4872
835775,Adam,Thomas,2.8398,0.5366
851742,Johnny,Patricia,2.8396,0.5
145978,Brian,Jamie,2.8383,0.4474
278437,Sarah,Katelyn,2.838,0.4091
763289,Carla,Anthony,2.837,0.5714
886550,Hailey,Zachary,2.837,0.5116
263079,Duane,Shannon,2.836,0.4681
151151,Sara,Jane,2.8354,0.5965
398714,Cassidy,Joseph,2.8347,0.5952
114030,Kathleen,Johnny,2.8312,0.3725
113405,Richard,Bruce,2.831,0.5128
608983,Jonathan,Stacey,2.8309,0.5472
407579,Danielle,Kevin,2.8304,0.6571
865018,James,William,2.8301,0.3962
208825,Cynthia,Heather,2.8295,0.4634
674137,Jennifer,Thomas,2.8294,0.5806
215447,Alexandria,Caleb,2.8272,0.6739
861929,Michael,William,2.8258,0.5385
283535,Teresa,Ethan,2.8249,0.4
822812,Kendra,James,2.8247,0.6136
117717,Megan,Robert,2.8244,0.5893
369108,Mallory,John,2.8238,0.5
899922,Paul,Charles,2.8217,0.6889
441973,Brittany,William,2.8212,0.4444
609314,Nathaniel,Kimberly,2.8204,0.5833
551318,Christopher,John,2.8182,0.4694
135307,Michael,Alyssa,2.8178,0.449
479699,Tabitha,Caleb,2.8162,0.5472
768511,Thomas,Glenn,2.8137,0.4524
170485,Kathleen,Madison,2.8128,0.6047
449141,Vicki,Richard,2.8107,0.5227
537726,Lindsey,Mike,2.8094,0.6087
460267,Crystal,Antonio,2.8073,0.6154
415876,Nicole,Omar,2.807,0.4737
224144,Tiffany,Michael,2.8068,0.6667
405092,Chelsea,Anthony,2.8067,0.56
368517,Kelly,Maria,2.8059,0.5333
351359,Michael,Sierra,2.8042,0.5556
419948,Edward,Jeremy,2.8042,0.5263
218578,Jessica,Randall,2.804,0.4857
456733,Kathy,Charles,2.8017,0.5893
729787,Christopher,Kari,2.8015,0.6154
775018,Adam,Riley,2.8015,0.4651
277604,Amy,Susan,2.8,0.5476
524774,Samuel,Aaron,2.7981,0.5263
374527,Gabriel,Rachel,2.7978,0.48
272421,Jose,Randy,2.7976,0.4444
603085,Morgan,Amber,2.7973,0.5333
645271,Dennis,April,2.795,0.6061
831612,Bradley,Thomas,2.7939,0.6176
599963,Sharon,Beth,2.7925,0.4902
368528,Jennifer,Kathy,2.7908,0.5741
631944,Jessica,Virginia,2.7895,0.3529
175057,Briana,Kimberly,2.7893,0.32
765939,Candace,David,2.789,0.4186
664480,Andrew,Timothy,2.7875,0.4528
354137,Mary,Katherine,2.7837,0.5476
276695,Gilbert,Bill,2.7835,0.5854
178772,Brittney,Rachael,2.782,0.5246
735964,Cynthia,Tammy,2.7794,0.5319
519372,Robert,Allison,2.7792,0.4783
726636,Holly,Chase,2.7786,0.6136
143505,Adam,Anthony,2.7774,0.4906
158573,Christina,William,2.7742,0.451
607351,Mindy,Daniel,2.7708,0.4884
640097,Kaitlin,Amanda,2.7703,0.5778
887954,Helen,Danielle,2.7683,0.5846
729689,Martha,Jose,2.7656,0.4746
122118,Robert,Bethany,2.7654,0.5366
349988,Jeffrey,Kenneth,2.763,0.5476
543103,Alexis,Kayla,2.7624,0.64
778906,Charles,Ashley,2.7621,0.5283
568112,Julie,Tamara,2.7619,0.6304
219029,Deborah,John,2.7618,0.5135
100249,Anne,Jamie,2.7608,0.4694
512751,Jared,Sarah,2.7598,0.5
560500,April,Stacey,2.7574,0.6596
135032,Andrea,Angela,2.7558,0.6122
661808,Kristin,Kevin,2.7552,0.566
623626,Robert,Jodi,2.7529,0.4706
265810,Sean,Karen,2.7514,0.4242
104160,Michael,Hannah,2.7509,0.6458
691345,Holly,Charles,2.7509,0.6
768903,Jacob,Sandra,2.7474,0.4286
390663,Jimmy,Mariah,2.7453,0.5143
893649,Eric,Sherry,2.7452,0.54
707740,Mitchell,Chelsea,2.7447,0.4615
182669,Tammy,Christine,2.7383,0.5854
777894,Charles,Christine,2.7382,0.6
461682,Richard,David,2.738,0.4773
705237,Shirley,Andrew,2.734,0.5
642629,Cheryl,Samantha,2.7338,0.5
142154,Jenny,Ryan,2.7336,0.5
241492,James,William,2.7316,0.6129
511008,Austin,David,2.728,0.619
543614,Megan,Sarah,2.7276,0.5323
881772,Megan,Elizabeth,2.7263,0.55
515719,Robert,Robert,2.7254,0.5769
670260,James,Jacqueline,2.7254,0.5
791547,Terri,Christopher,2.7228,0.6047
700562,Billy,Andre,2.7222,0.4737
814313,Diane,Tina,2.7215,0.5682
134864,Michael,Jamie,2.7202,0.566
231655,Kristin,Andrea,2.7186,0.5581
678353,Laura,Melissa,2.7181,0.375
843931,Abigail,Mary,2.7175,0.5833
592219,Greg,Kristin,2.7175,0.5455
248550,Kelli,Danny,2.7168,0.5098
379652,Laura,Dawn,2.7162,0.4348
791313,Jacob,Heather,2.7143,0.5652
861946,Sarah,Monica,2.7138,0.6316
743241,Stephanie,Kathryn,2.7136,0.6216
445620,Samantha,Amber,2.7126,0.5532
257620,Victoria,Elizabeth,2.7104,0.5
246325,Sean,Jason,2.709,0.5323
333753,Karla,Jennifer,2.7087,0.3846
189575,Michele,Emily,2.7079,0.5435
669496,James,Danielle,2.7068,0.5385
230339,Daniel,Amy,2.7066,0.4894
516428,Teresa,Monica,2.7064,0.4423
614810,Bradley,Cassandra,2.7039,0.5686
845332,Christopher,Edwin,2.7034,0.717
282378,Brent,Brian,2.6996,0.4151
792187,Jonathan,Matthew,2.6981,0.5106
802706,Paul,Amanda,2.6968,0.4884
808191,Nathan,Janice,2.6947,0.5208
634978,Kathryn,Kaylee,2.6929,0.4583
256102,Victoria,Gina,2.691,0.52
760923,Linda,Danielle,2.6907,0.5455
853813,Michael,Steven,2.6905,0.6098
259582,Kelsey,Daniel,2.6881,0.4828
860544,Diana,Kelli,2.6861,0.5098
530237,Julie,Tanya,2.6849,0.6042
302187,Sarah,Tina,2.6847,0.52
685079,Kelly,Victoria,2.6844,0.4627
358561,Jeffrey,Joshua,2.684,0.5283
228501,Adam,Samantha,2.6803,0.5455
786946,Mark,Autumn,2.6773,0.4815
601044,Daniel,Walter,2.6762,0.4167
629566,Jeffrey,Haley,2.6744,0.4074
324239,Robert,Shannon,2.6737,0.3607
208237,Natasha,Phillip,2.6732,0.5652
143323,Joshua,Sean,2.6719,0.525
871922,Tammy,Jennifer,2.6718,0.5758
166360,Stephen,Desiree,2.6701,0.3235
194418,Alexander,Ryan,2.6649,0.5192
228918,Mary,Sara,2.6632,0.4878
635397,Tony,Cesar,2.6602,0.4643
688949,Benjamin,Susan,2.6583,0.6042
383294,Casey,Andrea,2.6567,0.54
634465,Donald,Cole,2.6564,0.5
471812,Daniel,Kelly,2.6542,0.5
748896,Ashley,Vincent,2.6477,0.2759
367222,Amanda,William,2.6468,0.5385
241703,Ronald,Cindy,2.6455,0.4118
542790,Kristopher,Nicholas,2.6452,0.5319
496458,Michael,Edward,2.6434,0.619
142314,Timothy,Lindsay,2.6416,0.4359
496592,Denise,Rebecca,2.641,0.4375
855258,Elizabeth,Anthony,2.6382,0.4146
494234,Carlos,Jeffery,2.6374,0.5435
230719,Michael,James,2.6372,0.5
752771,Randy,Michael,2.6338,0.4468
750919,Megan,Martin,2.6327,0.54
332665,Jake,Kimberly,2.6324,0.5686
760210,Sheila,Peter,2.6301,0.5
535474,Martin,Jacob,2.6285,0.4468
899037,Michele,Sheila,2.6284,0.3636
363848,Amanda,Victoria,2.625,0.5641
212026,David,Paul,2.625,0.4444
584999,John,Kevin,2.6246,0.641
283196,Joshua,Justin,2.6243,0.625
334923,Jacqueline,Bradley,2.6238,0.3784
367033,Ashlee,Hannah,2.6231,0.6226
184324,Justin,Angela,2.6185,0.5714
542420,Mary,James,2.6156,0.5476
240557,Scott,Melissa,2.6149,0.4762
116987,Thomas,Melissa,2.6136,0.6066
492772,Todd,Rachel,2.6134,0.5349
312564,Dylan,Miguel,2.6129,0.5476
648646,Madeline,Austin,2.61,0.4286
105701,Diane,Vernon,2.6083,0.5
718781,Cassandra,Joan,2.6082,0.561
797214,Craig,Anthony,2.608,0.5102
804720,Donna,Christopher,2.6061,0.451
251750,Janet,Ricky,2.6035,0.4286
122048,Douglas,Cindy,2.6034,0.5625
385534,Caitlin,Annette,2.6032,0.5682
828392,Chad,Tonya,2.6027,0.3673
839580,Steven,John,2.5994,0.5789
539046,Eric,Beverly,2.5987,0.5455
738675,Donna,James,2.5981,0.52
508285,Corey,Ebony,2.5958,0.5366
367199,Austin,Justin,2.5955,0.6136
459678,Thomas,Mary,2.5941,0.4773
879741,Heather,Scott,2.5913,0.6471
892603,Randall,Marcus,2.5896,0.5116
871084,Jennifer,Jeffery,2.587,0.4898
325255,Ariel,Rhonda,2.5833,0.5472
377621,Bradley,Claire,2.583,0.5849
430682,Samantha,Linda,2.583,0.5769
538719,Amy,Andrew,2.5808,0.5135
660920,Michelle,Diane,2.5805,0.551
191197,Trevor,Gail,2.5801,0.5686
895637,Larry,Nicole,2.58,0.4773
409118,Joel,Jamie,2.5796,0.4286
158620,Amanda,Lawrence,2.578,0.4762
584753,Jeffrey,John,2.5778,0.625
644700,Joseph,Wendy,2.5776,0.5641
677643,Yvonne,Kari,2.5737,0.5122
797185,Danny,Sean,2.5726,0.38
699669,Julie,Aaron,2.5692,0.5833
181096,Derek,Shane,2.5681,0.5
640535,Erin,Patrick,2.5668,0.575
867293,Brandon,Nicole,2.5667,0.561
508877,Donna,Kim,2.5662,0.5098
421120,Latasha,Cindy,2.5651,0.525
123451,Luke,Mark,2.5643,0.4808
878860,Jennifer,Brandon,2.5636,0.5385
374703,Paul,Jose,2.5635,0.434
728933,Cynthia,Amy,2.5633,0.4722
514732,Cynthia,Donna,2.563,0.5532
191004,Patrick,Adam,2.5613,0.5814
337414,Robert,Michael,2.5595,0.451
761157,John,Travis,2.5579,0.5333
761481,Alex,Leah,2.5559,0.587
734754,Michael,Danielle,2.5529,0.6087
447310,Ashley,Melissa,2.5481,0.5882
763608,Melissa,Michelle,2.5417,0.5208
678587,Debbie,Amanda,2.5388,0.3784
559150,Matthew,Ryan,2.5362,0.4884
607559,Kyle,Amanda,2.5353,0.641
728868,Jeffrey,Yvette,2.5342,0.6667
422012,Kathryn,Brandy,2.5276,0.4773
799315,Valerie,Kevin,2.5233,0.6757
785933,Sherry,Jennifer,2.5223,0.4878
625293,Caleb,Kimberly,2.5216,0.566
309981,Sandy,Shane,2.5161,0.5957
740355,Laurie,Joseph,2.5107,0.6154
225465,Deanna,Randy,2.507,0.3902
814700,Brandon,Julie,2.5066,0.5294
515482,Melissa,Jessica,2.5043,0.5385
247045,John,David,2.5,0.625
174294,Mary,Valerie,2.498,0.5306
423368,Tara,Wendy,2.4958,0.4286
811186,Mark,Kyle,2.4932,0.5745
563521,Chelsea,Brandon,2.4924,0.525
220536,Stanley,Michael,2.4904,0.4906
626390,Tara,Donna,2.489,0.5111
209860,Barbara,Jeffrey,2.489,0.4828
114215,Gregory,Christina,2.4834,0.5476
523477,Thomas,Shannon,2.4774,0.3667
626762,Daniel,Nicholas,2.4767,0.5102
291510,Frank,Natalie,2.4734,0.5476
876691,Sara,Jessica,2.4686,0.5484
173947,Don,Robert,2.4673,0.5
412206,Stephen,Michael,2.4637,0.4211
522086,Thomas,Renee,2.4634,0.54
808255,Sandra,Rachel,2.4615,0.5238
374240,Kevin,Mary,2.4516,0.5946
139520,Patrick,Kevin,2.4513,0.6047
117594,Kristina,Nathan,2.4489,0.4894
790044,Erik,Kathy,2.4487,0.5581
690819,Fernando,Derek,2.4476,0.5769
365377,Anna,Angela,2.4459,0.5106
692032,Alex,Michael,2.4452,0.3
392379,Jody,Amy,2.4451,0.4
745212,James,Samantha,2.445,0.7561
589382,Corey,David,2.44,0.4906
110181,Andrew,Michael,2.4351,0.4651
653605,Ana,Rose,2.4324,0.4655
559376,Mary,Kimberly,2.4293,0.5152
204976,Maria,Holly,2.4281,0.5333
167600,Jennifer,Katherine,2.4204,0.5741
501747,Alicia,John,2.4174,0.5
689289,Curtis,Lisa,2.4138,0.3721
266411,Terri,Richard,2.4097,0.5349
563642,Angela,Michele,2.4082,0.4
456789,Kathleen,Frank,2.4058,0.463
582147,Jeffery,Kendra,2.4041,0.4386
702686,Holly,Jennifer,2.4038,0.5227
633174,Nicole,Richard,2.4022,0.4
686411,Maria,Natasha,2.4018,0.6176
818184,Mary,Leonard,2.399,0.6279
126511,Mark,Amy,2.3981,0.6
632394,Alex,Frank,2.3978,0.5333
571447,Chelsey,Lisa,2.3954,0.5778
708464,Amanda,Jared,2.3873,0.6415
898137,Tina,Stuart,2.3818,0.5581
339291,Ryan,Loretta,2.3816,0.5741
667148,Brian,David,2.3806,0.5102
253547,Amanda,Ashley,2.375,0.6471
247237,Abigail,Alexis,2.3688,0.5273
478683,Bruce,Amanda,2.3671,0.5667
294802,Timothy,Nicholas,2.3667,0.4634
644841,Austin,Gregory,2.3604,0.4561
772298,Shawn,Austin,2.3575,0.5714
276238,John,Caitlin,2.3465,0.5714
495215,Daniel,Lisa,2.3444,0.5227
586488,John,Sara,2.3399,0.5116
260562,Lisa,Gregory,2.3374,0.5
389246,Teresa,Suzanne,2.3201,0.66
492872,William,Mark,2.32,0.5106
243414,Alyssa,Frederick,2.3173,0.6279
731612,Alex,Pamela,2.3158,0.5625
109283,Adrian,Lance,2.3071,0.3922
510483,Andrew,Erica,2.2995,0.4727
863872,Heather,Raymond,2.2992,0.5952
631971,Alicia,Cynthia,2.2918,0.4091
477066,Megan,Victor,2.2915,0.5926
646135,Warren,Melissa,2.2887,0.4894
851926,Michael,Cynthia,2.2884,0.5294
430518,Melissa,Matthew,2.2863,0.4808
668871,Jim,Melanie,2.2857,0.5238
892688,Margaret,Ricky,2.2817,0.5405
796322,Melissa,Mary,2.277,0.6053
530902,Cheryl,Richard,2.2712,0.6
744037,James,Raymond,2.2696,0.5385
590405,Matthew,Zachary,2.2605,0.5179
240025,Mary,Virginia,2.2599,0.4889
866564,Dakota,Andrew,2.2562,0.6346
868696,Zachary,Jonathan,2.25,0.4118
753903,Gary,James,2.2355,0.5741
341852,Pamela,Michael,2.2353,0.5556
680386,Jeanette,Denise,2.2143,0.5366
533653,Jennifer,Patricia,2.2033,0.5435
736036,James,Michael,2.1951,0.6136
819378,Rodney,Richard,2.1848,0.5652
620179,Sara,William,2.1818,0.5714
752389,Jonathon,Luis,2.1813,0.5
233758,Elizabeth,Bryan,2.1707,0.5098
762859,Sean,Ashley,2.1693,0.5306
639325,Edwin,Megan,2.148,0.6304
311043,Tammy,Rebecca,2.1266,0.5833
675515,James,Caitlin,2.1261,0.5319
889410,Bobby,Charles,2.1198,0.4222
263130,Hannah,Lisa,2.0755,0.5952
804456,Glenn,Daniel,2.058,0.4231
561333,Barbara,Antonio,2.0439,0.3684
798667,Susan,Mary,2.017,0.575
436770,Justin,Debra,2.008,0.5102
521773,Justin,Alyssa,2,0.54
580871,Hannah,Bianca,1.9819,0.4722
825656,Elizabeth,Robert,1.9541,0.54
704884,Melissa,Jennifer,1.8194,0.5909
